./labels/1.jpg,265,521,323,580,octagon
./labels/1.jpg,318,368,390,429,Hexagon
./labels/1.jpg,71,466,228,618,square
./labels/1.jpg,336,481,411,550,square
./labels/1.jpg,329,573,397,639,Hexagon
./labels/1.jpg,214,620,288,678,cylinder
./labels/1.jpg,432,193,627,386,circle nut
./labels/1.jpg,83,97,316,349,circle bolt
./labels/1.jpg,220,404,293,465,trapezoid
./labels/1.jpg,73,632,161,689,trapezoid
./labels/2.jpg,100,166,300,382,circle bolt
./labels/2.jpg,398,234,593,409,circle nut
./labels/2.jpg,303,390,370,446,Hexagon
./labels/2.jpg,320,583,378,649,Hexagon
./labels/2.jpg,70,482,214,635,square
./labels/2.jpg,216,427,279,479,trapezoid
./labels/2.jpg,326,495,395,564,cube
./labels/2.jpg,256,533,309,591,octagon
./labels/2.jpg,216,628,271,684,cylinder
./labels/2.jpg,88,644,152,690,trapezoid
./labels/3.jpg,242,27,417,315,circle bolt
./labels/3.jpg,427,264,616,443,circle nut
./labels/3.jpg,54,321,209,474,octagon
./labels/3.jpg,310,415,386,488,Hexagon
./labels/3.jpg,421,560,574,689,Hexagon
./labels/3.jpg,68,522,217,668,square
./labels/3.jpg,328,530,402,605,square
./labels/3.jpg,246,572,318,635,octagon
./labels/3.jpg,327,625,384,687,Hexagon
./labels/3.jpg,222,673,273,689,cylinder
./labels/4.jpg,400,146,562,305,Hexagon
./labels/4.jpg,211,350,295,426,Hexagon
./labels/4.jpg,442,333,676,529,circle bolt
./labels/4.jpg,653,439,847,643,square
./labels/4.jpg,365,380,447,467,square
./labels/4.jpg,129,398,211,459,cylinder
./labels/4.jpg,713,172,887,361,trapezoid
./labels/4.jpg,353,514,424,596,trapezoid
./labels/4.jpg,246,451,336,521,octagon
./labels/4.jpg,128,507,234,597,octagon
./labels/4.jpg,144,241,208,310,cube
./labels/4.jpg,572,157,722,305,circle
./labels/4.jpg,175,153,389,340,circle nut
./labels/4.jpg,425,534,577,689,octagon
./labels/5.jpg,79,506,195,586,octagon
./labels/5.jpg,207,432,306,519,octagon
./labels/5.jpg,400,516,568,690,octagon
./labels/5.jpg,157,330,261,402,Hexagon
./labels/5.jpg,367,84,556,279,Hexagon
./labels/5.jpg,65,374,163,448,Hexagon
./labels/5.jpg,663,412,878,651,square
./labels/5.jpg,333,352,429,451,square
./labels/5.jpg,734,123,912,317,trapezoid
./labels/5.jpg,323,512,405,601,trapezoid
./labels/5.jpg,213,570,313,667,cube
./labels/5.jpg,563,108,737,274,circle
./labels/5.jpg,64,84,356,318,circle nut
./labels/5.jpg,434,305,674,518,circle bolt
./labels/6.jpg,174,203,368,375,circle bolt
./labels/6.jpg,653,223,786,373,trapezoid
./labels/6.jpg,556,385,617,457,trapezoid
./labels/6.jpg,336,511,403,585,trapezoid
./labels/6.jpg,586,448,788,635,square
./labels/6.jpg,346,401,419,473,square
./labels/6.jpg,155,508,221,576,octagon
./labels/6.jpg,242,462,320,518,octagon
./labels/6.jpg,397,523,535,677,octagon
./labels/6.jpg,370,204,513,329,Hexagon
./labels/6.jpg,212,373,295,431,Hexagon
./labels/6.jpg,518,210,653,333,circle
./labels/6.jpg,143,413,216,464,cylinder
./labels/6.jpg,515,487,584,539,Hexagon
./labels/6.jpg,249,565,335,639,cube
./labels/6.jpg,411,348,559,486,circle bolt
./labels/7.jpg,241,479,404,649,circle bolt
./labels/7.jpg,361,240,546,416,circle nut
./labels/7.jpg,405,567,541,687,circle
./labels/7.jpg,80,316,172,384,cube
./labels/7.jpg,265,395,331,465,cube
./labels/7.jpg,279,630,350,674,cube
./labels/7.jpg,299,267,363,334,Hexagon
./labels/7.jpg,396,410,550,561,Hexagon
./labels/7.jpg,177,578,256,646,Hexagon
./labels/7.jpg,135,388,218,454,trapezoid
./labels/7.jpg,150,206,219,274,octagon
./labels/7.jpg,213,302,275,369,octagon
./labels/7.jpg,50,443,198,587,octagon
./labels/7.jpg,262,196,320,265,cylinder
./labels/8.jpg,400,564,569,688,circle
./labels/8.jpg,250,158,320,230,cylinder
./labels/8.jpg,62,280,155,357,cube
./labels/8.jpg,257,376,330,452,cube
./labels/8.jpg,137,167,208,247,octagon
./labels/8.jpg,198,273,269,346,octagon
./labels/8.jpg,298,233,362,308,Hexagon
./labels/8.jpg,164,570,242,648,Hexagon
./labels/8.jpg,387,402,566,553,Hexagon
./labels/8.jpg,130,363,207,433,trapezoid
./labels/8.jpg,21,427,185,581,octagon
./labels/8.jpg,220,456,386,650,circle bolt
./labels/8.jpg,363,183,561,392,circle nut
./labels/9.jpg,370,196,542,399,circle nut
./labels/9.jpg,217,454,390,631,circle bolt
./labels/9.jpg,283,231,357,308,Hexagon
./labels/9.jpg,387,397,558,545,Hexagon
./labels/9.jpg,172,565,243,634,Hexagon
./labels/9.jpg,138,178,215,247,octagon
./labels/9.jpg,199,274,266,343,octagon
./labels/9.jpg,31,431,190,573,octagon
./labels/9.jpg,65,287,160,360,cube
./labels/9.jpg,249,376,323,445,cube
./labels/9.jpg,129,365,215,431,trapezoid
./labels/9.jpg,248,169,320,233,cylinder
./labels/9.jpg,401,562,553,687,circle
./labels/10.jpg,214,487,384,661,circle nut
./labels/10.jpg,143,400,220,465,trapezoid
./labels/10.jpg,303,263,373,337,Hexagon
./labels/10.jpg,154,206,216,274,octagon
./labels/10.jpg,214,308,278,378,octagon
./labels/10.jpg,266,197,328,262,cylinder
./labels/10.jpg,37,462,194,614,octagon
./labels/10.jpg,266,414,342,482,square
./labels/10.jpg,415,431,569,585,Hexagon
./labels/10.jpg,398,179,684,418,circle bolt
./labels/11.jpg,70,323,150,390,cube
./labels/11.jpg,135,207,213,281,octagon
./labels/11.jpg,297,273,370,345,Hexagon
./labels/11.jpg,397,435,570,597,Hexagon
./labels/11.jpg,256,199,321,265,cylinder
./labels/11.jpg,15,465,193,615,octagon
./labels/11.jpg,254,412,331,493,square
./labels/11.jpg,165,614,245,683,Hexagon
./labels/11.jpg,193,315,279,388,octagon
./labels/11.jpg,128,407,208,465,trapezoid
./labels/11.jpg,393,111,584,363,circle nut
./labels/11.jpg,400,610,558,689,circle
./labels/11.jpg,274,639,351,687,trapezoid
./labels/12.jpg,308,22,468,198,cube
./labels/12.jpg,495,239,638,403,cube
./labels/12.jpg,138,553,320,690,cube
./labels/12.jpg,137,218,255,342,cylinder
./labels/12.jpg,304,238,421,364,octagon
./labels/12.jpg,243,386,382,503,Hexagon
./labels/13.jpg,253,165,364,280,cube
./labels/13.jpg,387,314,486,413,cube
./labels/13.jpg,151,557,259,656,cube
./labels/13.jpg,272,630,371,687,cube
./labels/13.jpg,244,315,328,404,octagon
./labels/13.jpg,122,318,213,388,cylinder
./labels/13.jpg,196,422,300,510,Hexagon
./labels/13.jpg,318,422,529,617,square
./labels/pickit1.jpg,310,58,449,194,circle
./labels/pickit1.jpg,506,242,566,309,circle
./labels/pickit1.jpg,93,225,143,280,circle
./labels/pickit1.jpg,97,144,160,197,octagon
./labels/pickit1.jpg,358,308,500,460,octagon
./labels/pickit1.jpg,297,295,360,356,octagon
./labels/pickit1.jpg,180,90,253,163,Hexagon
./labels/pickit1.jpg,514,97,675,235,Hexagon
./labels/pickit1.jpg,435,205,495,264,Hexagon
./labels/pickit1.jpg,459,102,523,176,trapezoid
./labels/pickit1.jpg,260,227,321,289,trapezoid
./labels/pickit1.jpg,539,333,712,484,trapezoid
./labels/pickit1.jpg,163,206,230,272,square
./labels/pickit1.jpg,109,314,290,486,square
./labels/pickit1.jpg,355,215,429,279,square
./labels/pickit2.jpg,740,605,815,675,square
./labels/pickit2.jpg,622,539,690,594,circle
./labels/pickit2.jpg,691,393,771,459,Hexagon
./labels/pickit2.jpg,959,591,1019,657,circle
./labels/pickit2.jpg,913,367,1066,516,circle
./labels/pickit2.jpg,879,524,937,597,Hexagon
./labels/pickit2.jpg,767,485,839,548,trapezoid
./labels/pickit2.jpg,634,453,702,512,octagon
./labels/pickit3.jpg,629,454,700,513,octagon
./labels/pickit3.jpg,918,375,1065,523,circle
./labels/pickit3.jpg,950,585,1020,656,circle
./labels/pickit3.jpg,621,534,702,592,circle
./labels/pickit3.jpg,686,390,776,454,Hexagon
./labels/pickit3.jpg,878,525,941,588,Hexagon
./labels/pickit3.jpg,763,479,835,558,trapezoid
./labels/pickit3.jpg,744,604,807,675,square
./labels/pickit4.jpg,822,556,896,633,square
./labels/pickit4.jpg,921,467,1084,658,square
./labels/pickit4.jpg,569,365,743,506,trapezoid
./labels/pickit4.jpg,773,408,835,471,octagon
./labels/pickit4.jpg,647,616,808,686,octagon
./labels/pickit4.jpg,923,354,993,424,Hexagon
./labels/pickit4.jpg,712,535,772,594,circle
./labels/pickit4.jpg,873,477,932,543,trapezoid
./labels/pickit5.jpg,566,367,742,513,trapezoid
./labels/pickit5.jpg,843,382,906,463,Hexagon
./labels/pickit5.jpg,941,452,1091,605,Hexagon
./labels/pickit5.jpg,803,501,871,571,square
./labels/pickit5.jpg,982,513,1050,569,square
./labels/pickit5.jpg,776,407,835,470,octagon
./labels/pickit5.jpg,718,540,783,594,circle
./labels/pickit5.jpg,912,610,972,669,circle
./labels/pickit5.jpg,605,640,753,689,circle
./labels/pickit6.jpg,709,529,791,601,circle
./labels/pickit6.jpg,660,643,734,688,circle
./labels/pickit6.jpg,899,378,1076,548,square
./labels/pickit6.jpg,812,512,876,563,square
./labels/pickit6.jpg,842,392,903,454,Hexagon
./labels/pickit6.jpg,806,582,957,689,Hexagon
./labels/pickit6.jpg,777,410,831,463,octagon
./labels/pickit6.jpg,587,375,743,506,trapezoid